[
  {
    "pk": 1, 
    "model": "cms.placeholder", 
    "fields": {
      "slot": "content-authenticated", 
      "default_width": null
    }
  }, 
  {
    "pk": 2, 
    "model": "cms.placeholder", 
    "fields": {
      "slot": "content", 
      "default_width": null
    }
  }, 
  {
    "pk": 3, 
    "model": "cms.placeholder", 
    "fields": {
      "slot": "content-authenticated", 
      "default_width": null
    }
  }, 
  {
    "pk": 4, 
    "model": "cms.placeholder", 
    "fields": {
      "slot": "content", 
      "default_width": null
    }
  }, 
  {
    "pk": 5, 
    "model": "cms.placeholder", 
    "fields": {
      "slot": "content-authenticated", 
      "default_width": null
    }
  }, 
  {
    "pk": 6, 
    "model": "cms.placeholder", 
    "fields": {
      "slot": "content", 
      "default_width": null
    }
  }, 
  {
    "pk": 7, 
    "model": "cms.placeholder", 
    "fields": {
      "slot": "content-authenticated", 
      "default_width": null
    }
  }, 
  {
    "pk": 8, 
    "model": "cms.placeholder", 
    "fields": {
      "slot": "content", 
      "default_width": null
    }
  }, 
  {
    "pk": 9, 
    "model": "cms.placeholder", 
    "fields": {
      "slot": "content-authenticated", 
      "default_width": null
    }
  }, 
  {
    "pk": 10, 
    "model": "cms.placeholder", 
    "fields": {
      "slot": "content", 
      "default_width": null
    }
  }, 
  {
    "pk": 11, 
    "model": "cms.placeholder", 
    "fields": {
      "slot": "content-authenticated", 
      "default_width": null
    }
  }, 
  {
    "pk": 12, 
    "model": "cms.placeholder", 
    "fields": {
      "slot": "content", 
      "default_width": null
    }
  }, 
  {
    "pk": 13, 
    "model": "cms.placeholder", 
    "fields": {
      "slot": "content-authenticated", 
      "default_width": null
    }
  }, 
  {
    "pk": 14, 
    "model": "cms.placeholder", 
    "fields": {
      "slot": "content", 
      "default_width": null
    }
  }, 
  {
    "pk": 15, 
    "model": "cms.placeholder", 
    "fields": {
      "slot": "content-authenticated", 
      "default_width": null
    }
  }, 
  {
    "pk": 16, 
    "model": "cms.placeholder", 
    "fields": {
      "slot": "content", 
      "default_width": null
    }
  }, 
  {
    "pk": 17, 
    "model": "cms.placeholder", 
    "fields": {
      "slot": "content-authenticated", 
      "default_width": null
    }
  }, 
  {
    "pk": 18, 
    "model": "cms.placeholder", 
    "fields": {
      "slot": "content", 
      "default_width": null
    }
  }, 
  {
    "pk": 19, 
    "model": "cms.placeholder", 
    "fields": {
      "slot": "content-authenticated", 
      "default_width": null
    }
  }, 
  {
    "pk": 20, 
    "model": "cms.placeholder", 
    "fields": {
      "slot": "content", 
      "default_width": null
    }
  }, 
  {
    "pk": 21, 
    "model": "cms.placeholder", 
    "fields": {
      "slot": "content-authenticated", 
      "default_width": null
    }
  }, 
  {
    "pk": 22, 
    "model": "cms.placeholder", 
    "fields": {
      "slot": "content", 
      "default_width": null
    }
  }, 
  {
    "pk": 23, 
    "model": "cms.placeholder", 
    "fields": {
      "slot": "content-authenticated", 
      "default_width": null
    }
  }, 
  {
    "pk": 24, 
    "model": "cms.placeholder", 
    "fields": {
      "slot": "content", 
      "default_width": null
    }
  }, 
  {
    "pk": 1, 
    "model": "cms.page", 
    "fields": {
      "rght": 2, 
      "navigation_extenders": "", 
      "site": 1, 
      "creation_date": "2010-08-10 16:54:32", 
      "lft": 1, 
      "in_navigation": true, 
      "reverse_id": null, 
      "login_required": false, 
      "created_by": "superuser@azine.me", 
      "publication_end_date": null, 
      "moderator_state": 0, 
      "template": "html/base.html", 
      "tree_id": 1, 
      "placeholders": [
        1, 
        2
      ], 
      "limit_visibility_in_menu": null, 
      "parent": null, 
      "publisher_state": 1, 
      "soft_root": false, 
      "publication_date": "2010-08-10 16:54:39", 
      "publisher_public": null, 
      "level": 0, 
      "changed_by": "superuser@azine.me", 
      "publisher_is_draft": true, 
      "published": true
    }
  }, 
  {
    "pk": 2, 
    "model": "cms.page", 
    "fields": {
      "rght": 6, 
      "navigation_extenders": "", 
      "site": 1, 
      "creation_date": "2010-08-10 16:57:04", 
      "lft": 1, 
      "in_navigation": false, 
      "reverse_id": null, 
      "login_required": false, 
      "created_by": "superuser", 
      "publication_end_date": null, 
      "moderator_state": 0, 
      "template": "html/base.html", 
      "tree_id": 2, 
      "placeholders": [
        3, 
        4
      ], 
      "limit_visibility_in_menu": null, 
      "parent": null, 
      "publisher_state": 1, 
      "soft_root": false, 
      "publication_date": "2010-08-10 16:57:11", 
      "publisher_public": null, 
      "level": 0, 
      "changed_by": "superuser", 
      "publisher_is_draft": true, 
      "published": true
    }
  }, 
  {
    "pk": 3, 
    "model": "cms.page", 
    "fields": {
      "rght": 3, 
      "navigation_extenders": "", 
      "site": 1, 
      "creation_date": "2010-08-10 16:57:21", 
      "lft": 2, 
      "in_navigation": false, 
      "reverse_id": null, 
      "login_required": false, 
      "created_by": "superuser", 
      "publication_end_date": null, 
      "moderator_state": 0, 
      "template": "INHERIT", 
      "tree_id": 2, 
      "placeholders": [
        5, 
        6
      ], 
      "limit_visibility_in_menu": null, 
      "parent": 2, 
      "publisher_state": 1, 
      "soft_root": false, 
      "publication_date": "2010-08-10 16:57:49", 
      "publisher_public": null, 
      "level": 1, 
      "changed_by": "superuser", 
      "publisher_is_draft": true, 
      "published": true
    }
  }, 
  {
    "pk": 4, 
    "model": "cms.page", 
    "fields": {
      "rght": 5, 
      "navigation_extenders": "", 
      "site": 1, 
      "creation_date": "2010-08-10 16:58:02", 
      "lft": 4, 
      "in_navigation": false, 
      "reverse_id": null, 
      "login_required": false, 
      "created_by": "superuser", 
      "publication_end_date": null, 
      "moderator_state": 0, 
      "template": "INHERIT", 
      "tree_id": 2, 
      "placeholders": [
        7, 
        8
      ], 
      "limit_visibility_in_menu": null, 
      "parent": 2, 
      "publisher_state": 1, 
      "soft_root": false, 
      "publication_date": "2010-08-10 16:58:20", 
      "publisher_public": null, 
      "level": 1, 
      "changed_by": "superuser", 
      "publisher_is_draft": true, 
      "published": true
    }
  }, 
  {
    "pk": 2, 
    "model": "cms.cmsplugin", 
    "fields": {
      "publisher_public": null, 
      "rght": 2, 
      "language": "en", 
      "parent": null, 
      "level": 0, 
      "publisher_is_draft": true, 
      "publisher_state": 1, 
      "lft": 1, 
      "tree_id": 1, 
      "position": 0, 
      "creation_date": "2010-08-10 16:54:53", 
      "placeholder": 1, 
      "plugin_type": "TextPlugin"
    }
  }, 
  {
    "pk": 3, 
    "model": "cms.cmsplugin", 
    "fields": {
      "publisher_public": null, 
      "rght": 2, 
      "language": "en", 
      "parent": null, 
      "level": 0, 
      "publisher_is_draft": true, 
      "publisher_state": 1, 
      "lft": 1, 
      "tree_id": 2, 
      "position": 0, 
      "creation_date": "2010-08-10 16:55:14", 
      "placeholder": 2, 
      "plugin_type": "TextPlugin"
    }
  }, 
  {
    "pk": 4, 
    "model": "cms.cmsplugin", 
    "fields": {
      "publisher_public": null, 
      "rght": 2, 
      "language": "en", 
      "parent": null, 
      "level": 0, 
      "publisher_is_draft": true, 
      "publisher_state": 1, 
      "lft": 1, 
      "tree_id": 3, 
      "position": 0, 
      "creation_date": "2010-08-10 16:57:33", 
      "placeholder": 6, 
      "plugin_type": "TextPlugin"
    }
  }, 
  {
    "pk": 5, 
    "model": "cms.cmsplugin", 
    "fields": {
      "publisher_public": null, 
      "rght": 2, 
      "language": "en", 
      "parent": null, 
      "level": 0, 
      "publisher_is_draft": true, 
      "publisher_state": 1, 
      "lft": 1, 
      "tree_id": 4, 
      "position": 0, 
      "creation_date": "2010-08-10 16:58:07", 
      "placeholder": 8, 
      "plugin_type": "TextPlugin"
    }
  }, 
  {
    "pk": 1, 
    "model": "cms.title", 
    "fields": {
      "publisher_public": null, 
      "menu_title": "", 
      "meta_keywords": "", 
      "page_title": "", 
      "language": "en", 
      "title": "Home", 
      "has_url_overwrite": false, 
      "application_urls": "", 
      "creation_date": "2010-08-10 16:54:32", 
      "publisher_is_draft": true, 
      "publisher_state": 1, 
      "path": "home", 
      "meta_description": "", 
      "slug": "home", 
      "redirect": "", 
      "page": 1
    }
  }, 
  {
    "pk": 2, 
    "model": "cms.title", 
    "fields": {
      "publisher_public": null, 
      "menu_title": "", 
      "meta_keywords": "", 
      "page_title": "", 
      "language": "en", 
      "title": "User", 
      "has_url_overwrite": false, 
      "application_urls": "", 
      "creation_date": "2010-08-10 16:57:04", 
      "publisher_is_draft": true, 
      "publisher_state": 1, 
      "path": "user", 
      "meta_description": "", 
      "slug": "user", 
      "redirect": "", 
      "page": 2
    }
  }, 
  {
    "pk": 3, 
    "model": "cms.title", 
    "fields": {
      "publisher_public": null, 
      "menu_title": "", 
      "meta_keywords": "", 
      "page_title": "", 
      "language": "en", 
      "title": "Sign up", 
      "has_url_overwrite": false, 
      "application_urls": "", 
      "creation_date": "2010-08-10 16:57:21", 
      "publisher_is_draft": true, 
      "publisher_state": 1, 
      "path": "user/signup", 
      "meta_description": "", 
      "slug": "signup", 
      "redirect": "", 
      "page": 3
    }
  }, 
  {
    "pk": 4, 
    "model": "cms.title", 
    "fields": {
      "publisher_public": null, 
      "menu_title": "", 
      "meta_keywords": "", 
      "page_title": "", 
      "language": "en", 
      "title": "Log in", 
      "has_url_overwrite": false, 
      "application_urls": "", 
      "creation_date": "2010-08-10 16:58:02", 
      "publisher_is_draft": true, 
      "publisher_state": 1, 
      "path": "user/login", 
      "meta_description": "", 
      "slug": "login", 
      "redirect": "", 
      "page": 4
    }
  }, 
  {
    "pk": 2, 
    "model": "text.text", 
    "fields": {
      "body": "<h2>User Dashboard</h2>", 
      "cmsplugin_ptr": 2
    }
  }, 
  {
    "pk": 3, 
    "model": "text.text", 
    "fields": {
      "body": "<h2>From freelancer to freelancer \u2013 earn higher rates, refer your friends \r\n</h2>\r\n", 
      "cmsplugin_ptr": 3
    }
  }, 
  {
    "pk": 4, 
    "model": "text.text", 
    "fields": {
      "body": "<p>(<strong>Signup info</strong> here)</p>", 
      "cmsplugin_ptr": 4
    }
  }, 
  {
    "pk": 5, 
    "model": "text.text", 
    "fields": {
      "body": "<p>(<strong>Login info</strong> here)</p>", 
      "cmsplugin_ptr": 5
    }
  }
]
